ID,Category,Name,Latitude,Longitude,Note
1,Chiesa,Chiesa Cappuccini,37.573536, 13.214375,
2,Chiesa,Chiesa San Pellegrino,37.578253, 13.209498,
3,Chiesa,Cattedrale Madrice,37.578599, 13.2171489,
4,Chiesa,Chiesa della Piet√†,37.578394, 13.213812,
5,Chiesa,Chiesa Sant'Agostino,37.5777737, 13.2171582,
6,Chiesa,Chiesa dell'Itria,37.576511, 13.217863,
7,Chiesa,Chiesa del Carmine,37.5772265, 13.2156731,
8,Chiesa,Chiesa di Santa Maria di Montevergine,37.564124, 13.236186,
9,Chiesa,Chiesa Colleggio di Maria,37.558785, 13.234780,
